"","SEQNO","ASSET","STRUC_TYPE","MDE_STRUCT","STRUC_DTAL","SW_CAT","PROP_NAME","ACCS_STRT","DEPARTMENT","SEDCONPMT","APPR_DATE","FINAL_DATE","TOTAL_DA","RCN","COMMENTS","POINT_X","POINT_Y","LAND_USE","UPDATE_BY","L_UPDATE","GISOBJID","SW_FILE","P_ST_ADD","MDE","MDN","EASEMENT","COVENANT","STATUS","INSP_REG","Acct","Type_Desc","lulc_70","lulc_40","lulc_30","lulc_20","year","site","lulc_unknown"
"1","227716.03",14931,"SF","FSND","#1","AG","Greenway Village at Clarksburg, Phase 1","Skylark Road","SWM-RESID-DEP",206161,"02/20/2003 12:00:00 AM +0000","02/26/2010 12:00:00 AM +0000","38",NA,NA,1239211.87395,573083.221539,12,"SR","04/23/2012 12:00:00 AM +0000",100004468,"204344","Skylark Road","570750","1241150",NA,NA,"I","INSP-REG03","03414050","Sand filter",19303.8618161965,0,53978.9307809657,60537.9257884969,"2014","tr104",0
"2","227716.04",14829,"FS","OTH","#106","AG","Greenway Village at Clarksburg, Phase 1","Skylark Road","SWM-MCG-DEP",206161,"02/20/2003 12:00:00 AM +0000","02/26/2010 12:00:00 AM +0000","38",NA,"Struc type changed from FSU",1239234.81387,573181.311894,12,"KR","03/20/2017 12:00:00 AM +0000",100004469,"204344","Skylark Road","570750","1241150",NA,NA,"I","INSP-REG03","ROW","Flow splitter",0,0,402.062075062655,203.480765310116,"2014","tr104",0
"3","227716.05",14830,"FSU","OTH","#204","UG","Greenway Village at Clarksburg, Phase 1","Skylark Road","SWM-RESID-DEP",206161,"02/20/2003 12:00:00 AM +0000","02/26/2010 12:00:00 AM +0000","38",NA,NA,1239579.42276,571868.246607,12,"SR","04/23/2012 12:00:00 AM +0000",100004470,"204344","Skylark Road","570750","1241150",NA,NA,"I","INSP-REG03","03414163","Flow splitter underground",1733.97356425039,0,5.97268217243254,85.8129871189594,"2014","tr104",0
"4","227716.09",14831,"FSU","OTH","#126","UG","Greenway Village at Clarksburg, Phase 1","Skylark Road","SWM-MCG-DEP",206161,"02/20/2003 12:00:00 AM +0000","02/26/2010 12:00:00 AM +0000","38",NA,NA,1239429.29904,573009.771227,12,"SR","04/23/2012 12:00:00 AM +0000",100004475,"204344","Skylark Road","570750","1241150",NA,NA,"I","INSP-REG03","ROW","Flow splitter underground",0,0,444.21063940227,161.336070415564,"2014","tr104",0
"5","227716.10",14750,"AQSW","XOGS","STR PT16","UG","Greenway Village at Clarksburg, Phase 1","Skylark Road","SWM-RESID-DEP",206161,"02/20/2003 12:00:00 AM +0000","02/26/2010 12:00:00 AM +0000","38",NA,NA,1239559.66985,572853.32633,12,"SR","04/23/2012 12:00:00 AM +0000",100004476,"204344","Skylark Road","570750","1241150",NA,NA,"I","INSP-REG03","03414425","Aquaswirl",3725.95075342013,0,4393.48595949245,3877.13066255744,"2014","tr104",0
"6","227716.11",14934,"SFU","FUND","SF 31A-1","UG","Greenway Village at Clarksburg, Phase 1","Persimmon Ridge Rd","SWM-RESID-DEP",206161,"02/20/2003 12:00:00 AM +0000","02/26/2010 12:00:00 AM +0000","38",NA,"2012 - new \ No GISBOJID\ change Type & MD Type",1239665.52593,573411.725147,12,"HF","06/28/2012 12:00:00 AM +0000",100004477,"204344","Persimmon Ridge Rd","570750","1241150",NA,NA,"I","INSP-REG03","03413591","Sand filter, underground",252.391038184986,0,168.469703463255,184.676681408891,"2014","tr104",0
"7","227716.06",14932,"SF","FSND","#2","AG","Greenway Village at Clarksburg, Phase 1","Skylark Road","SWM-RESID-DEP",206161,"02/20/2003 12:00:00 AM +0000","02/26/2010 12:00:00 AM +0000","38",NA,NA,1239670.29725,571820.606282,12,"SR","04/23/2012 12:00:00 AM +0000",100004471,"204344","Skylark Road","570750","1241150",NA,NA,"I","INSP-REG03","03414163","Sand filter",9773.04420874733,0,678.993877206463,729.580496961717,"2014","tr104",0
"8","227716.02",14663,"PDQNED","XDED","Pond 2","AG","Greenway Village at Clarksburg, Phase 1","Skylark Road","SWM-RESID-DEP",206161,"02/20/2003 12:00:00 AM +0000","02/26/2010 12:00:00 AM +0000","38",NA,NA,1239540.87002,571742.39909,21,"SR","04/23/2012 12:00:00 AM +0000",100004472,"204344","Skylark Road","570750","1241150",NA,NA,"I","INSP-REG03","03414163","Pond-dry, extended detention",605.576122525148,0,0,0,"2014","tr104",0
"9","227716.07",14749,"AQSW","XOGS","PT-2","UG","Greenway Village at Clarksburg, Phase 1","Skylark Road","SWM-RESID-DEP",206161,"02/20/2003 12:00:00 AM +0000","02/26/2010 12:00:00 AM +0000","38",NA,NA,1239623.75863,571852.825378,12,"SR","04/23/2012 12:00:00 AM +0000",100004473,"204344","Skylark Road","570750","1241150",NA,NA,"I","INSP-REG03","03414163","Aquaswirl",1975.27373809833,0,50332.1476028815,38167.2849695379,"2014","tr104",0
"10","227716.08",14933,"SF","FSND","#16","AG","Greenway Village at Clarksburg, Phase 1","Skylark Road","SWM-RESID-DEP",206161,"02/20/2003 12:00:00 AM +0000","02/26/2010 12:00:00 AM +0000","38",NA,NA,1239587.78101,572749.844581,12,"SR","04/23/2012 12:00:00 AM +0000",100004474,"204344","Skylark Road","570750","1241150",NA,NA,"I","INSP-REG03","03414425","Sand filter",4483.83782602072,1466.30424491619,693.520168371964,6634.11138267419,"2014","tr104",0
"11","202101",17912,"BR","FBIO","BR","AG","Ovid Hazen Wells","Skylark Drive","SWM-MNCPPC-DEP",210895,"01/12/2005 12:00:00 AM +0000","12/03/2009 12:00:00 AM +0000",NA,NA,"Pretreatment for Pond",1240258.62285,573695.760668,21,"MT","01/13/2014 12:00:00 AM +0000",100007464,NA,"Skylark Drive",NA,NA,NA,NA,"I","INSP-REG03","00030440","Bioretention, quality control",2070.46252035068,0,1044.02931929776,1783.3920658445,"2014","tr104",0
"12","202101.02",17974,"PDQN","XDPD","Pond","AG","Ovid Hazen Wells","Skylark Drive","SWM-MNCPPC-DEP",210895,"01/12/2005 12:00:00 AM +0000","12/03/2009 12:00:00 AM +0000",NA,NA,NA,1240206.01862,573712.948298,21,"MT","01/13/2014 12:00:00 AM +0000",100007465,NA,"Skylark Drive",NA,NA,NA,NA,"I","INSP-REG03","00030440","Pond-dry",50312.2201563325,2803.91698998632,28008.2347781132,22445.3874999282,"2014","tr104",0
"13","202101.15",17982,"PP","APRP","TRAIL A","AG","Ovid Hazen Wells","Skylark Drive","SWM-MNCPPC-DEP",210895,"01/12/2005 12:00:00 AM +0000","12/03/2009 12:00:00 AM +0000",NA,NA,NA,1241142.69391,572514.554369,21,"MT","01/13/2014 12:00:00 AM +0000",100007477,NA,"Skylark Drive",NA,NA,NA,NA,"D",NA,"00030440","Porous Pavement",2201.56195124518,0,262.883682124317,0,"2014","tr104",0
"14","292162.12",19712,"INFBERM","MIBR","SWM13","ESD","Wilson Wims Elementary School","12520 Blue Sky Drive
","SWM-MNCPPC-DEP",245371,"04/09/2012 12:00:00 AM +0000","12/08/2015 12:00:00 AM +0000",NA,NA,"Stru type changed back to INFBERM (from INFB), per Ed",1238395.11214,572568.698618,73,"EE","01/12/2022 12:00:00 AM +0000",100009256,NA,"12520 Blue Sky Drive",NA,NA,"L35286 F457",NA,"I","INSP-REG03","03628245","Infiltration Berm",1207.65348451212,0,0,0,"2014","tr104",0
"15","227716.15",14751,"AQSW","XOGS","PT 31A","UG","Greenway Village at Clarksburg, Phase 1","Skylark Road","SWM-RESID-DEP",206161,"02/20/2003 12:00:00 AM +0000","02/26/2010 12:00:00 AM +0000","38",NA,NA,1239716.98482,573485.083924,12,"SR","04/23/2012 12:00:00 AM +0000",100004479,"204344","Skylark Road","570750","1241150",NA,NA,"I","INSP-REG03","03413591","Aquaswirl",247.467703351751,0,6517.14545023139,2147.41027119663,"2014","tr104",0
"16","227716.16",14752,"AQSW","XOGS","PT 31B","UG","Greenway Village at Clarksburg, Phase 1","Skylark Road","SWM-RESID-DEP",206161,"02/20/2003 12:00:00 AM +0000","02/26/2010 12:00:00 AM +0000","38",NA,NA,1239593.5041,573313.208612,12,"SR","04/23/2012 12:00:00 AM +0000",100004480,"204344","Skylark Road","570750","1241150",NA,NA,"I","INSP-REG03","03413591","Aquaswirl",1911.58951649224,0,52726.1247956336,76897.8799111849,"2014","tr104",0
"17","229905.26",14769,"BR","FBIO","Biofiltration #2","AG","Arora Hills HOA","PERSIMMON RIDGE RD","SWM-RESID-DEP",207068,"08/26/2003 12:00:00 AM +0000","09/10/2010 12:00:00 AM +0000","79.75","0",NA,1239980.15687,572409.220263,12,"SR","06/17/2011 12:00:00 AM +0000",100004290,"204344","PERSIMMON RIDGE RD","1239459.00","572903.00",NA,NA,"I","INSP-REG03","03414436","Bioretention, quality control",154.31505407393,451.245588681661,0,0,"2014","tr104",0
"18","229905.27",14770,"BR","FBIO","Biofiltration #3","AG","Arora Hills HOA","SYCAMORE FARM DR","SWM-RESID-DEP",207068,"08/26/2003 12:00:00 AM +0000","09/10/2010 12:00:00 AM +0000","79.75","0",NA,1240170.12007,571930.507965,12,"SR","06/17/2011 12:00:00 AM +0000",100004291,"204344","SYCAMORE FARM DR","1239459.00","572903.00",NA,NA,"I","INSP-REG03","03414447","Bioretention, quality control",11418.4223445826,0,64624.1321409247,75801.8625544908,"2014","tr104",0
"19","229905.15",14658,"PDQNED","XDED","SWM Pond #6","AG","Arora Hills HOA","CYPRESS SPRING RD","SWM-RESID-DEP",207068,"08/26/2003 12:00:00 AM +0000","09/10/2010 12:00:00 AM +0000","79.75","75",NA,1240098.92631,570402.061547,41,"SR","06/17/2011 12:00:00 AM +0000",100004279,"204344","CYPRESS SPRING RD","1239459.00","572903.00",NA,NA,"I","INSP-REG03","03484906","Pond-dry, extended detention",501.310166236013,0,0,709.902983257547,"2014","tr104",0
"20","229905.16",14918,"SF","FSND","SSF #6","AG","Arora Hills HOA","CYPRESS SPRING RD","SWM-RESID-DEP",207068,"08/26/2003 12:00:00 AM +0000","09/10/2010 12:00:00 AM +0000","79.75","0",NA,1240212.05995,570465.248101,41,"SR","06/17/2011 12:00:00 AM +0000",100004280,"204344","CYPRESS SPRING RD","1239459.00","572903.00",NA,NA,"I","INSP-REG03","03484906","Sand filter",21552.5313704142,0,40617.6466595377,135839.720485505,"2014","tr104",0
"21","229905.17",14949,"STC","XOGS","Struc #603","UG","Arora Hills HOA","CYPRESS SPRING RD","SWM-RESID-DEP",207068,"08/26/2003 12:00:00 AM +0000","09/10/2010 12:00:00 AM +0000","79.75","0",NA,1240159.40454,570520.009802,41,"SR","06/17/2011 12:00:00 AM +0000",100004281,"204344","CYPRESS SPRING RD","1239459.00","572903.00",NA,NA,"I","INSP-REG03","03484906","Stormceptor",1195.68779552262,0,0,15.5191629934125,"2014","tr104",0
"22","229905.18",14818,"FSU","OTH","Div Struc #604","UG","Arora Hills HOA","CYPRESS SPRING RD","SWM-RESID-DEP",207068,"08/26/2003 12:00:00 AM +0000","09/10/2010 12:00:00 AM +0000","79.75","0",NA,1240128.41313,570535.655768,41,"SR","06/17/2011 12:00:00 AM +0000",100004282,"204344","CYPRESS SPRING RD","1239459.00","572903.00",NA,NA,"I","INSP-REG03","03484906","Flow splitter underground",605.603214305826,0,0,0,"2014","tr104",0
"23","229905.19",14950,"STC","XOGS","Struc #605","UG","Arora Hills HOA","CYPRESS SPRING RD","SWM-RESID-DEP",207068,"08/26/2003 12:00:00 AM +0000","09/10/2010 12:00:00 AM +0000","79.75","0",NA,1240233.72395,570388.521548,41,"SR","06/17/2011 12:00:00 AM +0000",100004283,"204344","CYPRESS SPRING RD","1239459.00","572903.00",NA,NA,"I","INSP-REG03","03484906","Stormceptor",356.366943381727,0,2073.70603436371,5849.92422927963,"2014","tr104",0
"24","229905.20",14819,"FSU","OTH","Div Struc #607","UG","Arora Hills HOA","CYPRESS SPRING RD","SWM-MCG-DEP",207068,"08/26/2003 12:00:00 AM +0000","09/10/2010 12:00:00 AM +0000","79.75","0",NA,1240200.32539,570318.414733,41,"SR","06/17/2011 12:00:00 AM +0000",100004284,"204344","CYPRESS SPRING RD","1239459.00","572903.00",NA,NA,"I","INSP-REG03","ROW","Flow splitter underground",0,0,1.96980553446338,603.638827148825,"2014","tr104",0
"25","229905.21",14957,"STFIL","FUND","CELL #1 & 2","UG","Arora Hills HOA","SYCAMORE FARM DR","SWM-RESID-DEP",207068,"08/26/2003 12:00:00 AM +0000","09/10/2010 12:00:00 AM +0000","79.75","0",NA,1240652.09023,571931.742215,13,"SR","06/17/2011 12:00:00 AM +0000",100004285,"204344","SYCAMORE FARM DR","1239459.00","572903.00",NA,NA,"I","INSP-REG03","03473264","Stormfilter",0,0,953.918331036344,818.877316280501,"2014","tr104",0
"26","229905.22",14977,"UG","OTH","Struc #UG-1, 6 runs","UG","Arora Hills HOA","SYCAMORE FARM DR","SWM-RESID-DEP",207068,"08/26/2003 12:00:00 AM +0000","09/10/2010 12:00:00 AM +0000","79.75","0",NA,1240739.64682,571954.753652,12,"SR","06/17/2011 12:00:00 AM +0000",100004286,"204344","SYCAMORE FARM DR","1239459.00","572903.00",NA,NA,"I","INSP-REG03","03473264","Underground detention",550.801185367629,0,1058.07339843365,3455.23862927983,"2014","tr104",0
"27","229905.23",14745,"AQSW","XOGS","Struc #PTUG-1","UG","Arora Hills HOA","SYCAMORE FARM DR","SWM-RESID-DEP",207068,"08/26/2003 12:00:00 AM +0000","09/10/2010 12:00:00 AM +0000","79.75","0",NA,1240760.97453,571985.903524,12,"SR","06/17/2011 12:00:00 AM +0000",100004287,"204344","SYCAMORE FARM DR","1239459.00","572903.00",NA,NA,"I","INSP-REG03","03473264","Aquaswirl",368.866851689992,0,15201.0337675316,23147.9100839254,"2014","tr104",0
"28","229905.24",14820,"FSU","OTH","Div Struc #328","UG","Arora Hills HOA","CYPRESS SPRING RD","SWM-RESID-DEP",207068,"08/26/2003 12:00:00 AM +0000","09/10/2010 12:00:00 AM +0000","79.75","0",NA,1240788.75696,571978.607279,12,"SR","06/17/2011 12:00:00 AM +0000",100004288,"204344","CYPRESS SPRING RD","1239459.00","572903.00",NA,NA,"I","INSP-REG03","03473275","Flow splitter underground",0,0,2515.9418921457,8763.09726060275,"2014","tr104",0
"29","229905.25",14768,"BR","FBIO","Biofiltration #1","AG","Arora Hills HOA","SKYLARK RD","SWM-RESID-DEP",207068,"08/26/2003 12:00:00 AM +0000","09/10/2010 12:00:00 AM +0000","79.75","0",NA,1240118.13855,573173.980544,12,"SR","06/17/2011 12:00:00 AM +0000",100004289,"204344","SKYLARK RD","1239459.00","572903.00",NA,NA,"I","INSP-REG03","00019258","Bioretention, quality control",0,605.542840030044,0,0,"2014","tr104",0
"30","233254.22",15175,"SC","OTH",NA,"NS","Clarksburg Village Phase 1","Blue Sky Drive","SWM-SFR",214221,"12/22/2004 12:00:00 AM +0000","09/13/2012 12:00:00 AM +0000",NA,NA,"SEDCONPMT, SW_FILE, SEQNO (old 262673), APPR & FINAL dates updated 2/9/17",1239026.2011,571988.365133,73,"SR","02/09/2017 12:00:00 AM +0000",100004517,"200006","Blue Sky Drive","1237158.00","573342.000",NA,NA,"I","INSP-REG03","03520925","Stormchamber",490.616826102138,109.747357187793,4388.1183803418,6585.15527419746,"2014","tr104",0
"31","233254.34",15187,"SC","OTH",NA,"NS","Clarksburg Village Phase 1","Blue Sky Drive","SWM-SFR",214221,"12/22/2004 12:00:00 AM +0000","09/13/2012 12:00:00 AM +0000",NA,NA,"SEDCONPMT, SW_FILE, SEQNO (old 262673), APPR & FINAL dates updated 2/9/17",1239317.77597,571168.586589,41,"SR","02/09/2017 12:00:00 AM +0000",100004529,"200006","Blue Sky Drive","1237158.00","573342.000",NA,NA,"I","INSP-REG03","03594617","Stormchamber",0,620.434309463017,447.27660145238,143.46818014048,"2014","tr104",0
"32","233254.35",15188,"SC","OTH",NA,"NS","Clarksburg Village Phase 1","Blue Sky Drive","SWM-SFR",214221,"12/22/2004 12:00:00 AM +0000","09/13/2012 12:00:00 AM +0000",NA,NA,"SEDCONPMT, SW_FILE, SEQNO (old 262673), APPR & FINAL dates updated 2/9/17",1239323.67688,571122.292062,41,"SR","02/09/2017 12:00:00 AM +0000",100004530,"200006","Blue Sky Drive","1237158.00","573342.000",NA,NA,"I","INSP-REG03","03594617","Stormchamber",0,1180.87706032861,13.0929600248346,0,"2014","tr104",0
"33","233254.36",15189,"SC","OTH",NA,"NS","Clarksburg Village Phase 1","Blue Sky Drive","SWM-SFR",214221,"12/22/2004 12:00:00 AM +0000","09/13/2012 12:00:00 AM +0000",NA,NA,"SEDCONPMT, SW_FILE, SEQNO (old 262673), APPR & FINAL dates updated 2/9/17",1239313.70872,571087.203878,41,"SR","02/09/2017 12:00:00 AM +0000",100004531,"200006","Blue Sky Drive","1237158.00","573342.000",NA,NA,"I","INSP-REG03","03594628","Stormchamber",0,710.603610091377,2349.66939817299,7022.9890763415,"2014","tr104",0
"34","227716.19",14787,"BS","MSWB","#72B","NS","Greenway Village at Clarksburg, Phase 1","Skylark Road","SWM-RESID",206161,"02/20/2003 12:00:00 AM +0000","02/26/2010 12:00:00 AM +0000","38",NA,NA,1239271.95782,572561.572976,12,"SR","04/23/2012 12:00:00 AM +0000",100004493,"204344","Skylark Road","570750","1241150",NA,NA,"I","INSP-REG03","03414174","Bioswale",125.165485770442,523.596422176808,542.579111000021,904.236588415639,"2014","tr104",0
"35","227716.20",14936,"SF","FSND","#13","AG","Greenway Village at Clarksburg, Phase 1","Skylark Road","SWM-RESID-DEP",206161,"02/20/2003 12:00:00 AM +0000","02/26/2010 12:00:00 AM +0000","38",NA,NA,1239305.62967,574574.871771,12,"SR","04/23/2012 12:00:00 AM +0000",100004494,"204344","Skylark Road","570750","1241150","L35953 F001",NA,"I","INSP-REG03","03439210","Sand filter",4522.92707221769,0,7131.66382640135,3038.68115760913,"2014","tr104",0
"36","227716.25",14832,"FSU","OTH","#162","UG","Greenway Village at Clarksburg, Phase 1","Skylark Road","SWM-MCG-DEP",206161,"02/20/2003 12:00:00 AM +0000","02/26/2010 12:00:00 AM +0000","38",NA,NA,1239715.44283,573518.152428,12,"SR","04/23/2012 12:00:00 AM +0000",100004483,"204344","Skylark Road","570750","1241150",NA,NA,"I","INSP-REG03","ROW","Flow splitter underground",0.275520584196784,0,16485.955835657,25582.026569647,"2014","tr104",0
"37","227716.18",14833,"FSU","OTH","#140","UG","Greenway Village at Clarksburg, Phase 1","Skylark Road","SWM-MCG-DEP",206161,"02/20/2003 12:00:00 AM +0000","02/26/2010 12:00:00 AM +0000","38",NA,NA,1239532.66203,573335.098332,12,"SR","04/23/2012 12:00:00 AM +0000",100004484,"204344","Skylark Road","570750","1241150",NA,NA,"I","INSP-REG03","ROW","Flow splitter underground",25.5425452888012,0,9566.17284334642,8193.86722129118,"2014","tr104",0
"38","227716.13",14775,"BR","FBIO","#30","AG","Greenway Village at Clarksburg, Phase 1","Skylark Road","SWM-RESID-DEP",206161,"02/20/2003 12:00:00 AM +0000","02/26/2010 12:00:00 AM +0000","38",NA,NA,1239147.20348,573606.413078,12,"SR","04/23/2012 12:00:00 AM +0000",100004485,"204344","Skylark Road","570750","1241150",NA,NA,"I","INSP-REG03","03413853","Bioretention, quality control",2015.65232132934,0,1147.05184887769,1402.03674078826,"2014","tr104",0
"39","227716.14",14753,"AQSW","XOGS","PT 30","UG","Greenway Village at Clarksburg, Phase 1","Skylark Road","SWM-RESID-DEP",206161,"02/20/2003 12:00:00 AM +0000","02/26/2010 12:00:00 AM +0000","38",NA,NA,1239141.3006,573631.065916,12,"SR","04/23/2012 12:00:00 AM +0000",100004486,"204344","Skylark Road","570750","1241150",NA,NA,"I","INSP-REG03","03413853","Aquaswirl",67.7075601769611,0,385.397621252574,152.42759807827,"2014","tr104",0
"40","227716.17",14834,"FSU","OTH","#119","UG","Greenway Village at Clarksburg, Phase 1","Skylark Road","SWM-MCG-DEP",206161,"02/20/2003 12:00:00 AM +0000","02/26/2010 12:00:00 AM +0000","38",NA,NA,1239122.89775,573642.00323,12,"SR","04/23/2012 12:00:00 AM +0000",100004487,"204344","Skylark Road","570750","1241150",NA,NA,"I","INSP-REG03","ROW","Flow splitter underground",0,0,270.163142195437,1542.97067049053,"2014","tr104",0
"41","227716.28",15173,"SC","OTH","32A","NS","Greenway Village at Clarksburg, Phase 1","Skylark Road","SWM-RESID",206161,"02/20/2003 12:00:00 AM +0000","02/26/2010 12:00:00 AM +0000","38",NA,"2012 - new \ No GISBOJID\ change SW Catg",1239289.96533,573357.592382,12,"HF","06/28/2012 12:00:00 AM +0000",100004488,"204344","Skylark Road","570750","1241150",NA,NA,"I","INSP-REG03","03413864","Stormchamber",0,0,506.088828966022,99.4501426753122,"2014","tr104",0
"42","227716.29",15174,"SC","OTH","32B","NS","Greenway Village at Clarksburg, Phase 1","Skylark Road","SWM-RESID",206161,"02/20/2003 12:00:00 AM +0000","02/26/2010 12:00:00 AM +0000","38",NA,"2012 - new \ No GISBOJID\Change SW Catg",1239385.97236,573262.36685,12,"HF","06/28/2012 12:00:00 AM +0000",100004489,"204344","Skylark Road","570750","1241150",NA,NA,"I","INSP-REG03","03413864","Stormchamber",377.119230942801,0,4334.08046627464,2366.43386868294,"2014","tr104",0
"43","227716.23",14835,"FSU","OTH","#125","UG","Greenway Village at Clarksburg, Phase 1","Skylark Road","SWM-RESID-DEP",206161,"02/20/2003 12:00:00 AM +0000","02/26/2010 12:00:00 AM +0000","38",NA,NA,1239298.81965,573345.121278,12,"SR","04/23/2012 12:00:00 AM +0000",100004490,"204344","Skylark Road","570750","1241150",NA,NA,"I","INSP-REG03","03413864","Flow splitter underground",0,0,506.088828966022,99.4501426753122,"2014","tr104",0
"44","227716.24",14836,"FSU","OTH","#124","UG","Greenway Village at Clarksburg, Phase 1","Skylark Road","SWM-RESID-DEP",206161,"02/20/2003 12:00:00 AM +0000","02/26/2010 12:00:00 AM +0000","38",NA,NA,1239376.42382,573251.110967,12,"SR","04/23/2012 12:00:00 AM +0000",100004491,"204344","Skylark Road","570750","1241150",NA,NA,"I","INSP-REG03","03413864","Flow splitter underground",3071.81521243649,0,27612.7181943649,27313.6518189762,"2014","tr104",0
"45","227716.22",14786,"BS","MSWB","#72A","NS","Greenway Village at Clarksburg, Phase 1","Skylark Road","SWM-RESID",206161,"02/20/2003 12:00:00 AM +0000","02/26/2010 12:00:00 AM +0000","38",NA,"HOA",1239545.91627,572645.427139,12,"SR","04/23/2012 12:00:00 AM +0000",100004492,"204344","Skylark Road","570750","1241150",NA,NA,"I","INSP-REG03","03414425","Bioswale",2656.80705111008,0,2442.64446271444,2286.51862414367,"2014","tr104",0
"46","227716.21",14837,"FS","OTH","10","AG","Greenway Village at Clarksburg, Phase 1","Skylark Road","SWM-MCG-DEP",206161,"02/20/2003 12:00:00 AM +0000","02/26/2010 12:00:00 AM +0000","38",NA,"Struc type changed from FSU",1239357.42911,574668.508723,21,"KR","03/20/2017 12:00:00 AM +0000",100004495,"204344","Skylark Road","570750","1241150",NA,NA,"I","INSP-REG03","ROW","Flow splitter",14.6108898079256,0,131.663840609137,1047.53027019929,"2014","tr104",0
"47","229905.31",15167,"STC","XOGS","STRUC#22, SC","UG","Arora Hills HOA","POND PINE DR","SWM-RESID-DEP",207068,"08/26/2003 12:00:00 AM +0000","09/10/2010 12:00:00 AM +0000","79.75","0","HOA",1240344.23455,570688.133482,13,"SR","06/17/2011 12:00:00 AM +0000",100004309,"204344","POND PINE DR","1239459.00","572903.00",NA,NA,"I","INSP-REG03","03462534","Stormceptor",0,0,42.7039996953681,562.896117249504,"2014","tr104",0
"48","229905.33",14821,"FSU","OTH","Div Struc #628","UG","Arora Hills HOA","POND PINE DR","SWM-RESID-DEP",207068,"08/26/2003 12:00:00 AM +0000","09/10/2010 12:00:00 AM +0000","79.75","0",NA,1240334.88024,570704.951033,13,"SR","06/17/2011 12:00:00 AM +0000",100004310,"204344","POND PINE DR","1239459.00","572903.00",NA,NA,"I","INSP-REG03","03462534","Flow splitter underground",0,0,14058.5597081305,40365.2097520987,"2014","tr104",0
"49","229905",14659,"PDQNED","XDED","SWM Pond #3","AG","Arora Hills HOA","BASSWOOD HILL DR","SWM-RESID-DEP",207068,"08/26/2003 12:00:00 AM +0000","09/10/2010 12:00:00 AM +0000","79.75","88",NA,1240294.84226,571736.694049,21,"SR","06/17/2011 12:00:00 AM +0000",100004311,"204344","BASSWOOD HILL DR","1239459.00","572903.00",NA,NA,"I","INSP-REG03","03424947","Pond-dry, extended detention",868.428362130187,0,0,342.722863727206,"2014","tr104",0
"50","229905.02",14919,"SF","FSND","SSF #3","AG","Arora Hills HOA","BASSWOOD HILL DR","SWM-RESID-DEP",207068,"08/26/2003 12:00:00 AM +0000","09/10/2010 12:00:00 AM +0000","79.75","0",NA,1240249.1022,571606.713337,21,"SR","06/17/2011 12:00:00 AM +0000",100004312,"204344","BASSWOOD HILL DR","1239459.00","572903.00",NA,NA,"I","INSP-REG03","03424947","Sand filter",7101.57860924117,0,23093.3705521289,33952.7230384009,"2014","tr104",0
"51","227716.26",14980,"UG","OTH","31A","UG","Greenway Village at Clarksburg, Phase 1","Skylark Road","SWM-RESID-DEP",206161,"02/20/2003 12:00:00 AM +0000","02/26/2010 12:00:00 AM +0000","38",NA,NA,1239700.70893,573468.156793,12,"SR","04/23/2012 12:00:00 AM +0000",100004481,"204344","Skylark Road","570750","1241150",NA,NA,"I","INSP-REG03","03413591","Underground detention",389.109681961127,0,443.575955705252,378.386642701924,"2014","tr104",0
"52","227716.27",14981,"UG","OTH","31B","UG","Greenway Village at Clarksburg, Phase 1","Skylark Road","SWM-RESID-DEP",206161,"02/20/2003 12:00:00 AM +0000","02/26/2010 12:00:00 AM +0000","38",NA,NA,1239608.69501,573329.484826,12,"SR","04/23/2012 12:00:00 AM +0000",100004482,"204344","Skylark Road","570750","1241150",NA,NA,"I","INSP-REG03","03413591","Underground detention",1911.58951649224,0,52726.1247956336,76897.8799111849,"2014","tr104",0
"53","229905.45",14875,"INFB","ITRN","Recharge facility R-13","UG","Arora Hills HOA","MAGNOLIA PARK PL","SWM-RESID-DEP",207068,"08/26/2003 12:00:00 AM +0000","09/10/2010 12:00:00 AM +0000","79.75","0","STRU_TYPE and SW_CAT changed 2/2017 - Data Cleanup",1239937.59921,570913.700616,13,"KR","02/15/2017 12:00:00 AM +0000",100004305,"204344","MAGNOLIA PARK PL","1239459.00","572903.00",NA,NA,"I","INSP-REG03","03463128","Infiltration Trench, Buried by Design",578.833310829388,0,14785.1053080413,56532.0367115512,"2014","tr104",0
"54","229905.46",14876,"INFB","ITRN","Recharge facility R-14","UG","Arora Hills HOA","WINGED ELM DR","SWM-RESID-DEP",207068,"08/26/2003 12:00:00 AM +0000","09/10/2010 12:00:00 AM +0000","79.75","0","STRU_TYPE and SW_CAT changed 2/2017 - Data Cleanup",1240424.71995,570839.664347,13,"KR","02/15/2017 12:00:00 AM +0000",100004306,"204344","WINGED ELM DR","1239459.00","572903.00",NA,NA,"I","INSP-REG03","03462523","Infiltration Trench, Buried by Design",0,0,4356.75371516729,6088.01146226609,"2014","tr104",0
"55","229905.47",14877,"INFB","ITRN","Recharge facility R-15","UG","Arora Hills HOA","WINGED ELM DR","SWM-RESID-DEP",207068,"08/26/2003 12:00:00 AM +0000","09/10/2010 12:00:00 AM +0000","79.75","0","STRU_TYPE and SW_CAT changed 2/2017 - Data Cleanup",1240342.33101,570923.192395,13,"KR","02/15/2017 12:00:00 AM +0000",100004307,"204344","WINGED ELM DR","1239459.00","572903.00",NA,NA,"I","INSP-REG03","03462523","Infiltration Trench, Buried by Design",0,0,10309.3154458897,23298.3474049646,"2014","tr104",0
"56","229905.30",14958,"STFIL","FUND","Struc#22, STFIL, 34 CART","UG","Arora Hills HOA","POND PINE DR","SWM-RESID-DEP",207068,"08/26/2003 12:00:00 AM +0000","09/10/2010 12:00:00 AM +0000","79.75","0",NA,1240340.05477,570675.296565,13,"SR","06/17/2011 12:00:00 AM +0000",100004308,"204344","POND PINE DR","1239459.00","572903.00",NA,NA,"I","INSP-REG03","03462534","Stormfilter",179.987666513771,0,1589.96255926043,2903.27556938864,"2014","tr104",0
"57","202101.17",17906,"BR","FBIO","Biofilter #1","AG","Ovid Hazen Wells","Skylark Drive","SWM-MNCPPC-DEP",210895,"01/12/2005 12:00:00 AM +0000","12/03/2009 12:00:00 AM +0000",NA,NA,"EDIT POINT - DELETE OLD POINT",1240933.319,572946.238545,21,"MT","03/24/2014 12:00:00 AM +0000",100007480,NA,"Skylark Drive",NA,NA,NA,NA,"I","INSP-REG03","00030440","Bioretention, quality control",17674.0556329084,195.851028272416,14534.2651272556,7842.65166987292,"2014","tr104",0
"58","202101.18",17907,"BR","FBIO","Biofilter #2","AG","Ovid Hazen Wells","Skylark Drive","SWM-MNCPPC-DEP",210895,"01/12/2005 12:00:00 AM +0000","12/03/2009 12:00:00 AM +0000",NA,NA,"EDIT POINT - DELETE OLD POINT",1241121.86062,572909.780285,21,"MT","03/24/2014 12:00:00 AM +0000",100007481,NA,"Skylark Drive",NA,NA,NA,NA,"I","INSP-REG03","00030440","Bioretention, quality control",21044.8590492718,519.706544626504,6339.57741596806,2174.8036345109,"2014","tr104",0
"59","229905.36",14866,"INFB","ITRN","RECHARGE FACILITY R-3","UG","Arora Hills HOA","CYPRESS SPRING RD","SWM-RESID-DEP",207068,"08/26/2003 12:00:00 AM +0000","09/10/2010 12:00:00 AM +0000","79.75","0","STRU_TYPE and SW_CAT changed 2/2017 - Data Cleanup",1240298.05912,572252.370839,13,"KR","02/15/2017 12:00:00 AM +0000",100004296,"204344","CYPRESS SPRING RD","1239459.00","572903.00",NA,NA,"I","INSP-REG03","03424481","Infiltration Trench, Buried by Design",0,0,1774.90885345079,50.8247106929775,"2014","tr104",0
"60","229905.37",14867,"INFB","ITRN","RECHARGE FACILITY R-4","UG","Arora Hills HOA","CYPRESS SPRING RD","SWM-RESID-DEP",207068,"08/26/2003 12:00:00 AM +0000","09/10/2010 12:00:00 AM +0000","79.75","0","STRU_TYPE and SW_CAT changed 2/2017 - Data Cleanup",1240379.67838,572223.609741,13,"KR","02/15/2017 12:00:00 AM +0000",100004297,"204344","CYPRESS SPRING RD","1239459.00","572903.00",NA,NA,"I","INSP-REG03","03424377","Infiltration Trench, Buried by Design",6124.44576627947,0,33868.0683317893,40335.0488520258,"2014","tr104",0
"61","229905.38",14868,"INFB","ITRN","RECHARGE FACILITY R-5","UG","Arora Hills HOA","SYCAMORE FARM DR","SWM-RESID-DEP",207068,"08/26/2003 12:00:00 AM +0000","09/10/2010 12:00:00 AM +0000","79.75","0","STRU_TYPE and SW_CAT changed 2/2017 - Data Cleanup",1240013.15319,571433.979759,13,"KR","02/15/2017 12:00:00 AM +0000",100004298,"204344","SYCAMORE FARM DR","1239459.00","572903.00",NA,NA,"I","INSP-REG03","03424958","Infiltration Trench, Buried by Design",0,0,0.0427469540736638,1207.66667965986,"2014","tr104",0
"62","229905.41",14871,"INFB","ITRN","Recharge facility R-9","UG","Arora Hills HOA","WINGED ELM DR","SWM-RESID-DEP",207068,"08/26/2003 12:00:00 AM +0000","09/10/2010 12:00:00 AM +0000","79.75","0","STRU_TYPE and SW_CAT changed 2/2017 - Data Cleanup",1240522.642,570641.774322,12,"KR","02/15/2017 12:00:00 AM +0000",100004301,"204344","WINGED ELM DR","1239459.00","572903.00",NA,NA,"I","INSP-REG03","03462512","Infiltration Trench, Buried by Design",0,0,444.241011334118,2286.8042661862,"2014","tr104",0
"63","229905.42",14872,"INFB","ITRN","Recharge facility R-10","UG","Arora Hills HOA","WINGED ELM DR","SWM-RESID-DEP",207068,"08/26/2003 12:00:00 AM +0000","09/10/2010 12:00:00 AM +0000","79.75","0","STRU_TYPE and SW_CAT changed 2/2017 - Data Cleanup",1240433.55983,570591.330198,12,"KR","02/15/2017 12:00:00 AM +0000",100004302,"204344","WINGED ELM DR","1239459.00","572903.00",NA,NA,"I","INSP-REG03","03462512","Infiltration Trench, Buried by Design",6138.65933622283,0,20606.2105552965,65819.4030965805,"2014","tr104",0
"64","229905.43",14873,"INFB","ITRN","Recharge facility R-11","UG","Arora Hills HOA","WINGED ELM DR","SWM-RESID-DEP",207068,"08/26/2003 12:00:00 AM +0000","09/10/2010 12:00:00 AM +0000","79.75","0","STRU_TYPE and SW_CAT changed 2/2017 - Data Cleanup",1240270.42138,570595.981107,13,"KR","02/15/2017 12:00:00 AM +0000",100004303,"204344","WINGED ELM DR","1239459.00","572903.00",NA,NA,"I","INSP-REG03","03462512","Infiltration Trench, Buried by Design",3.68230449245311,0,929.989992871881,1004.63095838577,"2014","tr104",0
"65","229905.44",14874,"INFB","ITRN","Recharge facility R-12","UG","Arora Hills HOA","MAGNOLIA PARK PL","SWM-RESID-DEP",207068,"08/26/2003 12:00:00 AM +0000","09/10/2010 12:00:00 AM +0000","79.75","0","STRU_TYPE and SW_CAT changed 2/2017 - Data Cleanup",1240001.00459,571023.805711,13,"KR","02/15/2017 12:00:00 AM +0000",100004304,"204344","MAGNOLIA PARK PL","1239459.00","572903.00",NA,NA,"I","INSP-REG03","03463128","Infiltration Trench, Buried by Design",0,0,186.390537371859,1639.4270397611,"2014","tr104",0
"66","227716",14662,"PDQNED","XDED","Pond #1","AG","Greenway Village at Clarksburg, Phase 1","Skylark Road","SWM-RESID-DEP",206161,"02/20/2003 12:00:00 AM +0000","02/26/2010 12:00:00 AM +0000","38",NA,NA,1239198.43665,572915.999105,12,"SR","04/23/2012 12:00:00 AM +0000",100004467,"204344","Skylark Road","570750","1241150",NA,NA,"I","INSP-REG03","03414050","Pond-dry, extended detention",1193.88631627522,0,0,0,"2014","tr104",0
"67","229905.03",14746,"AQSW","XOGS","Struc PT-3","UG","Arora Hills HOA","BASSWOOD HILL DR","SWM-RESID-DEP",207068,"08/26/2003 12:00:00 AM +0000","09/10/2010 12:00:00 AM +0000","79.75","0",NA,1240210.64295,571665.245701,21,"SR","06/17/2011 12:00:00 AM +0000",100004313,"204344","BASSWOOD HILL DR","1239459.00","572903.00",NA,NA,"I","INSP-REG03","03424947","Aquaswirl",449.774980270537,0,244.113021478057,517.266320241266,"2014","tr104",0
"68","229905.04",14822,"FSU","OTH","Div Struc #301","UG","Arora Hills HOA","BASSWOOD HILL DR","SWM-RESID-DEP",207068,"08/26/2003 12:00:00 AM +0000","09/10/2010 12:00:00 AM +0000","79.75","0",NA,1240205.45989,571677.092134,21,"SR","06/17/2011 12:00:00 AM +0000",100004314,"204344","BASSWOOD HILL DR","1239459.00","572903.00",NA,NA,"I","INSP-REG03","03424947","Flow splitter underground",449.774980270537,0,244.113021478057,517.266320241266,"2014","tr104",0
"69","229905.34",14864,"INFB","ITRN","RECHARGE FACILITY R-1","UG","Arora Hills HOA","CYPRESS SPRING RD","SWM-RESID-DEP",207068,"08/26/2003 12:00:00 AM +0000","09/10/2010 12:00:00 AM +0000","79.75","0","STRU_TYPE and SW_CAT changed 2/2017 - Data Cleanup",1240808.76282,572472.354323,12,"KR","02/15/2017 12:00:00 AM +0000",100004294,"204344","CYPRESS SPRING RD","1239459.00","572903.00",NA,NA,"I","INSP-REG03","03423908","Infiltration Trench, Buried by Design",19894.6005754024,983.046189066023,10113.3083138787,28867.7824497802,"2014","tr104",0
"70","229905.28",14771,"BR","FBIO","Biofiltration #4","AG","Arora Hills HOA","BASSWOOD HILL DR","SWM-RESID-DEP",207068,"08/26/2003 12:00:00 AM +0000","09/10/2010 12:00:00 AM +0000","79.75","0",NA,1240391.16818,571866.452319,21,"SR","06/17/2011 12:00:00 AM +0000",100004292,"204344","BASSWOOD HILL DR","1239459.00","572903.00",NA,NA,"I","INSP-REG03","03424947","Bioretention, quality control",48837.8559692228,1920.64144290591,203618.173410173,389255.34891945,"2014","tr104",0
"71","227716.12",14935,"SFU","FUND","SF 31B-1","UG","Greenway Village at Clarksburg, Phase 1","Persimmon Ridge Rd","SWM-RESID-DEP",206161,"02/20/2003 12:00:00 AM +0000","02/26/2010 12:00:00 AM +0000","38",NA,"2012 - new \ No GISBOJID\ change type and MD type",1239632.35343,573381.793449,12,"HF","06/28/2012 12:00:00 AM +0000",100004478,"204344","Persimmon Ridge Rd","570750","1241150",NA,NA,"I","INSP-REG03","03413591","Sand filter, underground",582.399068150669,0,23.1391286831349,0,"2014","tr104",0
"72","229905.32",17631,"SWALE","MSWG","SWALE #26","NS","Arora Hills HOA","Pond Park Dr","SWM-RESID",207068,"08/26/2003 12:00:00 AM +0000","09/10/2010 12:00:00 AM +0000","79.75",NA,"HOA",1240532.15019,570276.82689,41,"SR","01/31/2013 12:00:00 AM +0000",100006796,"204344","Pond Park Dr","1239459","572903",NA,NA,"I","INSP-REG03","U 280994","Vegetated/Grass Swale",4953.98291666806,1198.52998127416,685.659013535827,2724.14718748414,"2014","tr104",0
"73","233254.23",15176,"SC","OTH",NA,"NS","Clarksburg Village Phase 1","Blue Sky Drive","SWM-SFR",214221,"12/22/2004 12:00:00 AM +0000","09/13/2012 12:00:00 AM +0000",NA,NA,"SEDCONPMT, SW_FILE, SEQNO (old 262673), APPR & FINAL dates updated 2/9/17",1239051.09508,571942.010895,73,"SR","02/09/2017 12:00:00 AM +0000",100004518,"200006","Blue Sky Drive","1237158.00","573342.000",NA,NA,"I","INSP-REG03","03520925","Stormchamber",402.95633052662,0,77.2004753467627,1319.34481600858,"2014","tr104",0
"74","233254.24",15177,"SC","OTH",NA,"NS","Clarksburg Village Phase 1","Blue Sky Drive","SWM-SFR",214221,"12/22/2004 12:00:00 AM +0000","09/13/2012 12:00:00 AM +0000",NA,NA,"SEDCONPMT, SW_FILE, SEQNO (old 262673), APPR & FINAL dates updated 2/9/17",1239069.55075,571902.95323,73,"SR","02/09/2017 12:00:00 AM +0000",100004519,"200006","Blue Sky Drive","1237158.00","573342.000",NA,NA,"I","INSP-REG03","03520936","Stormchamber",502.725607607746,0,65.3766972743906,37.4699469001498,"2014","tr104",0
"75","233254.25",15178,"SC","OTH",NA,"NS","Clarksburg Village Phase 1","Blue Sky Drive","SWM-SFR",214221,"12/22/2004 12:00:00 AM +0000","09/13/2012 12:00:00 AM +0000",NA,NA,"SEDCONPMT, SW_FILE, SEQNO (old 262673), APPR & FINAL dates updated 2/9/17",1239091.44047,571854.023866,73,"SR","02/09/2017 12:00:00 AM +0000",100004520,"200006","Blue Sky Drive","1237158.00","573342.000",NA,NA,"I","INSP-REG03","03520936","Stormchamber",936.954646084458,0,1476.69482420711,415.608066109009,"2014","tr104",0
"76","233254.26",15179,"SC","OTH",NA,"NS","Clarksburg Village Phase 1","Blue Sky Drive","SWM-SFR",214221,"12/22/2004 12:00:00 AM +0000","09/13/2012 12:00:00 AM +0000",NA,NA,"SEDCONPMT, SW_FILE, SEQNO (old 262673), APPR & FINAL dates updated 2/9/17",1239100.88271,571833.851335,73,"SR","02/09/2017 12:00:00 AM +0000",100004521,"200006","Blue Sky Drive","1237158.00","573342.000",NA,NA,"I","INSP-REG03","03637898","Stormchamber",341.249107290991,0,169.057946004905,700.841076440178,"2014","tr104",0
"77","233254.27",15180,"SC","OTH",NA,"NS","Clarksburg Village Phase 1","Blue Sky Drive","SWM-SFR",214221,"12/22/2004 12:00:00 AM +0000","09/13/2012 12:00:00 AM +0000",NA,NA,"SEDCONPMT, SW_FILE, SEQNO (old 262673), APPR & FINAL dates updated 2/9/17",1239122.77243,571786.209369,73,"SR","02/09/2017 12:00:00 AM +0000",100004522,"200006","Blue Sky Drive","1237158.00","573342.000",NA,NA,"I","INSP-REG03","03637898","Stormchamber",688.556913409848,0,483.786035630852,21.5937242890068,"2014","tr104",0
"78","233254.28",15181,"SC","OTH",NA,"NS","Clarksburg Village Phase 1","Blue Sky Drive","SWM-SFR",214221,"12/22/2004 12:00:00 AM +0000","09/13/2012 12:00:00 AM +0000",NA,NA,"SEDCONPMT, SW_FILE, SEQNO (old 262673), APPR & FINAL dates updated 2/9/17",1239128.78127,571769.041425,73,"SR","02/09/2017 12:00:00 AM +0000",100004523,"200006","Blue Sky Drive","1237158.00","573342.000",NA,NA,"I","INSP-REG03","03637901","Stormchamber",381.406519362703,0,213.230452991091,1343.57223248854,"2014","tr104",0
"79","233254.29",15182,"SC","OTH",NA,"NS","Clarksburg Village Phase 1","Blue Sky Drive","SWM-SFR",214221,"12/22/2004 12:00:00 AM +0000","09/13/2012 12:00:00 AM +0000",NA,NA,"SEDCONPMT, SW_FILE, SEQNO (old 262673), APPR & FINAL dates updated 2/9/17",1239151.0998,571721.828593,73,"SR","02/09/2017 12:00:00 AM +0000",100004524,"200006","Blue Sky Drive","1237158.00","573342.000",NA,NA,"I","INSP-REG03","03637901","Stormchamber",899.018425008282,0,99.2196008395404,195.701699853875,"2014","tr104",0
"80","233254.30",15183,"SC","OTH",NA,"NS","Clarksburg Village Phase 1","Blue Sky Drive","SWM-SFR",214221,"12/22/2004 12:00:00 AM +0000","09/13/2012 12:00:00 AM +0000",NA,NA,"SEDCONPMT, SW_FILE, SEQNO (old 262673), APPR & FINAL dates updated 2/9/17",1239267.98506,571314.083673,73,"SR","02/09/2017 12:00:00 AM +0000",100004525,"200006","Blue Sky Drive","1237158.00","573342.000",NA,NA,"I","INSP-REG03","03637967","Stormchamber",593.488218677696,218.567558587994,138.085705513135,243.816555394791,"2014","tr104",0
"81","233254.31",15184,"SC","OTH",NA,"NS","Clarksburg Village Phase 1","Blue Sky Drive","SWM-SFR",214221,"12/22/2004 12:00:00 AM +0000","09/13/2012 12:00:00 AM +0000",NA,NA,"SEDCONPMT, SW_FILE, SEQNO (old 262673), APPR & FINAL dates updated 2/9/17",1239278.74915,571259.049006,73,"SR","02/09/2017 12:00:00 AM +0000",100004526,"200006","Blue Sky Drive","1237158.00","573342.000",NA,NA,"I","INSP-REG03","03637967","Stormchamber",0,930.066466153599,13538.0182440309,19189.331200338,"2014","tr104",0
"82","233254.32",15185,"SC","OTH",NA,"NS","Clarksburg Village Phase 1","Blue Sky Drive","SWM-SFR",214221,"12/22/2004 12:00:00 AM +0000","09/13/2012 12:00:00 AM +0000",NA,NA,"SEDCONPMT, SW_FILE, SEQNO (old 262673), APPR & FINAL dates updated 2/9/17",1239286.64808,571242.444709,73,"SR","02/09/2017 12:00:00 AM +0000",100004527,"200006","Blue Sky Drive","1237158.00","573342.000",NA,NA,"I","INSP-REG03","03594606","Stormchamber",0,800.6755114072,0,393.287786767818,"2014","tr104",0
"83","233254.33",15186,"SC","OTH",NA,"NS","Clarksburg Village Phase 1","Blue Sky Drive","SWM-SFR",214221,"12/22/2004 12:00:00 AM +0000","09/13/2012 12:00:00 AM +0000",NA,NA,"SEDCONPMT, SW_FILE, SEQNO (old 262673), APPR & FINAL dates updated 2/9/17",1239310.22186,571190.449078,73,"SR","02/09/2017 12:00:00 AM +0000",100004528,"200006","Blue Sky Drive","1237158.00","573342.000",NA,NA,"I","INSP-REG03","03594606","Stormchamber",0,714.633870914547,310.992570789418,1070.0663411282,"2014","tr104",0
"84","233254.37",15190,"SC","OTH",NA,"NS","Clarksburg Village Phase 1","Blue Sky Drive","SWM-SFR",214221,"12/22/2004 12:00:00 AM +0000","09/13/2012 12:00:00 AM +0000",NA,NA,"SEDCONPMT, SW_FILE, SEQNO (old 262673), APPR & FINAL dates updated 2/9/17",1239314.6208,571048.234467,41,"SR","02/09/2017 12:00:00 AM +0000",100004532,"200006","Blue Sky Drive","1237158.00","573342.000",NA,NA,"I","INSP-REG03","03594628","Stormchamber",0,584.055686305277,21.5359163063113,0,"2014","tr104",0
"85","233254.38",15191,"SC","OTH",NA,"NS","Clarksburg Village Phase 1","Blue Sky Drive","SWM-SFR",214221,"12/22/2004 12:00:00 AM +0000","09/13/2012 12:00:00 AM +0000",NA,NA,"SEDCONPMT, SW_FILE, SEQNO (old 262673), APPR & FINAL dates updated 2/9/17",1239309.36392,571019.827372,41,"SR","02/09/2017 12:00:00 AM +0000",100004533,"200006","Blue Sky Drive","1237158.00","573342.000",NA,NA,"I","INSP-REG03","03594630","Stormchamber",0,605.02239137888,338.28629007563,267.876602087636,"2014","tr104",0
"86","233254.39",15192,"SC","OTH",NA,"NS","Clarksburg Village Phase 1","Blue Sky Drive","SWM-SFR",214221,"12/22/2004 12:00:00 AM +0000","09/13/2012 12:00:00 AM +0000",NA,NA,"SEDCONPMT, SW_FILE, SEQNO (old 262673), APPR & FINAL dates updated 2/9/17",1239304.17987,570971.475107,41,"SR","02/09/2017 12:00:00 AM +0000",100004534,"200006","Blue Sky Drive","1237158.00","573342.000",NA,NA,"I","INSP-REG03","03594630","Stormchamber",0,603.847289603204,573.55391138047,33.7871786705218,"2014","tr104",0
"87","233254.13",14988,"UGINF","OTH","F-3","UG","Clarksburg Village Community Association","Blue Sky Drive","SWM-RESID-DEP",214221,"12/22/2004 12:00:00 AM +0000","09/13/2012 12:00:00 AM +0000",NA,NA,"SEDCONPMT, SW_FILE, SEQNO (old 262673), APPR & FINAL dates updated 2/9/17",1238484.8052,571291.215281,12,"SR","02/09/2017 12:00:00 AM +0000",100004505,"200006","Blue Sky Drive","1237158.00","573342.000","L31190 F643",NA,"I","INSP-REG03","03522046","Underground, stone bottom",1617.35242356919,0.432077419362031,566.010881011025,2065.21742370352,"2014","tr104",0
"88","233254.07",14808,"FSU","OTH","502","UG","Clarksburg Village Community Association","Blue Sky Drive","SWM-RESID-DEP",214221,"12/22/2004 12:00:00 AM +0000","09/13/2012 12:00:00 AM +0000",NA,NA,"SEDCONPMT, SW_FILE, SEQNO (old 262673), APPR & FINAL dates updated 2/9/17",1239261.10581,571421.720269,73,"SR","02/09/2017 12:00:00 AM +0000",100004501,"200006","Blue Sky Drive","1237158.00","573342.000","L31190 F643",NA,"I","INSP-REG03","03637876","Flow splitter underground",27336.7621018603,2620.65265764267,45663.338668219,68128.340113589,"2014","tr104",0
"89","233254.10",14907,"PDQNSF","FSND","'S'","AG","Clarksburg Village Community Association","Blue Sky Drive","SWM-RESID-DEP",214221,"12/22/2004 12:00:00 AM +0000","09/13/2012 12:00:00 AM +0000",NA,NA,"SEDCONPMT, SW_FILE, SEQNO (old 262673), APPR & FINAL dates updated 2/9/17",1239246.78268,571596.720575,73,"SR","02/09/2017 12:00:00 AM +0000",100004502,"200006","Blue Sky Drive","1237158.00","573342.000","L31190 F643",NA,"I","INSP-REG03","03637876","Pond-dry, sand filter base",10921.349417978,706.460973300971,358.856515232008,4907.14692558092,"2014","tr104",0
"90","233254.11",14755,"AQSW","XOGS","'S'","UG","Clarksburg Village Community Association","Blue Sky Drive","SWM-RESID-DEP",214221,"12/22/2004 12:00:00 AM +0000","09/13/2012 12:00:00 AM +0000",NA,NA,"SEDCONPMT, SW_FILE, SEQNO (old 262673), APPR & FINAL dates updated 2/9/17",1239264.4913,571451.668372,73,"SR","02/09/2017 12:00:00 AM +0000",100004503,"200006","Blue Sky Drive","1237158.00","573342.000","L31190 F643",NA,"I","INSP-REG03","03637876","Aquaswirl",605.582314119674,0,0,0,"2014","tr104",0
"91","233254.05",14964,"STFIL","FUND","NEAR F-3","UG","Clarksburg Village Community Association","Blue Sky Drive","SWM-RESID-DEP",214221,"12/22/2004 12:00:00 AM +0000","09/13/2012 12:00:00 AM +0000",NA,NA,"SEDCONPMT, SW_FILE, SEQNO (old 262673), APPR & FINAL dates updated 2/9/17",1238484.49352,571267.201549,12,"SR","02/09/2017 12:00:00 AM +0000",100004504,"200006","Blue Sky Drive","1237158.00","573342.000","L31190 F643",NA,"I","INSP-REG03","03522046","Stormfilter",3839.94115828001,0,893.536666167318,2557.3638422587,"2014","tr104",0
"92","234275.23",22403,"SC","OTH","Lot 29","NS","Clarksburg Village","Foreman Blvd","SWM-SFR",214483,"03/10/2005 12:00:00 AM +0000","02/28/2014 12:00:00 AM +0000",NA,NA,NA,1239395.88573,570546.298463,41,"MT","10/10/2016 12:00:00 AM +0000",100012316,"200006","Foreman Blvd",NA,NA,NA,NA,"I","INSP-REG03","03594322","Stormchamber",482.118992216652,142.456324392464,0,1919.32820963487,"2014","tr104",0
"93","234275.24",22404,"SC","OTH","Lot 29","NS","Clarksburg Village","Foreman Blvd","SWM-SFR",214483,"03/10/2005 12:00:00 AM +0000","02/28/2014 12:00:00 AM +0000",NA,NA,NA,1239408.55926,570497.340228,41,"MT","10/10/2016 12:00:00 AM +0000",100012317,"200006","Foreman Blvd",NA,NA,NA,NA,"I","INSP-REG03","03594322","Stormchamber",66.6775982799008,492.886321481317,142.71060196124,508.935531520285,"2014","tr104",0
"94","234275.25",22412,"SC","OTH","Lot 30","NS","Clarksburg Village","Foreman Blvd","SWM-SFR",214483,"03/10/2005 12:00:00 AM +0000","02/28/2014 12:00:00 AM +0000",NA,NA,NA,1239416.89257,570459.840303,41,"MT","10/10/2016 12:00:00 AM +0000",100012318,"200006","Foreman Blvd",NA,NA,NA,NA,"I","INSP-REG03","03594333","Stormchamber",124.891222689301,4.97813051240519,138.014674321748,337.721508298069,"2014","tr104",0
"95","234275.26",22413,"SC","OTH","Lot 30","NS","Clarksburg Village","Foreman Blvd","SWM-SFR",214483,"03/10/2005 12:00:00 AM +0000","02/28/2014 12:00:00 AM +0000",NA,NA,NA,1239426.61467,570409.840403,41,"MT","10/10/2016 12:00:00 AM +0000",100012319,"200006","Foreman Blvd",NA,NA,NA,NA,"I","INSP-REG03","03594333","Stormchamber",654.576137692668,704.285313489847,624.219740331173,403.00959018711,"2014","tr104",0
"96","234275.27",23024,"SC","OTH","Lot 31","NS","Clarksburg Village","Foreman Blvd","SWM-SFR",214483,"03/10/2005 12:00:00 AM +0000","02/28/2014 12:00:00 AM +0000",NA,NA,NA,1239416.71869,570351.333302,41,"MT","10/10/2016 12:00:00 AM +0000",100012320,"200006","Foreman Blvd",NA,NA,NA,NA,"I","INSP-REG03","03594344","Stormchamber",22.9213364415336,438.228668198921,43.3625668117311,689.490716039028,"2014","tr104",0
"97","234275.28",23025,"SC","OTH","Lot 31","NS","Clarksburg Village","Foreman Blvd","SWM-SFR",214483,"03/10/2005 12:00:00 AM +0000","02/28/2014 12:00:00 AM +0000",NA,NA,NA,1239398.66328,570303.763844,41,"MT","10/10/2016 12:00:00 AM +0000",100012321,"200006","Foreman Blvd",NA,NA,NA,NA,"I","INSP-REG03","03594344","Stormchamber",738.227771800477,839.793089349754,626.588048595935,467.190378467552,"2014","tr104",0
"98","234275.29",23022,"SC","OTH","Lot 32","NS","Clarksburg Village","Foreman Blvd","SWM-SFR",214483,"03/10/2005 12:00:00 AM +0000","02/28/2014 12:00:00 AM +0000",NA,NA,NA,1239390.50352,570283.277664,41,"MT","10/10/2016 12:00:00 AM +0000",100012322,"200006","Foreman Blvd",NA,NA,NA,NA,"I","INSP-REG03","03594355","Stormchamber",2843.03478107322,2242.77393299527,1420.17458038704,3402.27450350299,"2014","tr104",0
"99","234275.30",23023,"SC","OTH","Lot 32","NS","Clarksburg Village","Foreman Blvd","SWM-SFR",214483,"03/10/2005 12:00:00 AM +0000","02/28/2014 12:00:00 AM +0000",NA,NA,NA,1239368.10757,570237.617978,41,"MT","10/10/2016 12:00:00 AM +0000",100012323,"200006","Foreman Blvd",NA,NA,NA,NA,"I","INSP-REG03","03594355","Stormchamber",2816.12359512225,1207.09675597027,1330.26976241334,2402.55896109529,"2014","tr104",0
"100","234275.31",23020,"SC","OTH","Lot 33","NS","Clarksburg Village","Foreman Blvd","SWM-SFR",214483,"03/10/2005 12:00:00 AM +0000","02/28/2014 12:00:00 AM +0000",NA,NA,NA,1239355.08659,570219.388684,41,"MT","10/10/2016 12:00:00 AM +0000",100012324,"200006","Foreman Blvd",NA,NA,NA,NA,"I","INSP-REG03","03594366","Stormchamber",584.009462319314,627.212976623327,0,0,"2014","tr104",0
"101","232359.33",23057,"STFIL","FUND","SF C-2","UG","Clarksburg Village Community Association","Rainbow Arch Drive","SWM-RESID-DEP",210575,"03/22/2004 12:00:00 AM +0000","09/24/2012 12:00:00 AM +0000",NA,NA,NA,1237954.61072,573826.513032,12,"MT","10/12/2016 12:00:00 AM +0000",100012370,"200006","Rainbow Arch Drive",NA,NA,NA,NA,"I","INSP-REG03","03465685","Stormfilter",559.143635821529,45.1415753595647,0,1.24372703622794,"2014","tr104",0
"102","232359.32",23069,"UG","OTH","C-2","UG","Clarksburg Village Community Association","Rainbow Arch Drive","SWM-RESID-DEP",210575,"03/22/2004 12:00:00 AM +0000","09/24/2012 12:00:00 AM +0000",NA,NA,NA,1237924.92312,573852.554646,12,"MT","10/12/2016 12:00:00 AM +0000",100012371,"200006","Rainbow Arch Drive",NA,NA,NA,NA,"I","INSP-REG03","03465685","Underground detention",599.795541276224,0,0,5.73262382554822,"2014","tr104",0
"103","232359.30",22758,"AQSW","XOGS","WQ C-2","UG","Clarksburg Village Community Association","Rainbow Arch Drive","SWM-RESID-DEP",210575,"03/22/2004 12:00:00 AM +0000","09/24/2012 12:00:00 AM +0000",NA,NA,NA,1237910.99073,573877.945343,12,"MT","10/12/2016 12:00:00 AM +0000",100012372,"200006","Rainbow Arch Drive",NA,NA,NA,NA,"I","INSP-REG03","03465685","Aquaswirl",101.818620936479,0,1541.94694124885,1924.44211891121,"2014","tr104",0
"104","232359.29",22972,"FSU","OTH","MH 253","UG","Clarksburg Village Community Association","Rainbow Arch Drive","SWM-MCG-DEP",210575,"03/22/2004 12:00:00 AM +0000","09/24/2012 12:00:00 AM +0000",NA,NA,NA,1237822.01519,574046.543431,12,"MT","10/12/2016 12:00:00 AM +0000",100012373,"200006","Rainbow Arch Drive",NA,NA,NA,NA,"I","INSP-REG03","03465674","Flow splitter underground",1708.87808199972,0,4328.46052799874,24525.14951529,"2014","tr104",0
"105","228067.11",22980,"PDQN","XDPD","Pond B","AG","Clarksburg Village Community Association","Piedmont Road","SWM-RESID-DEP",207638,"08/21/2003 12:00:00 AM +0000","08/14/2012 12:00:00 AM +0000",NA,NA,NA,1238070.84737,574532.914506,12,"MT","10/17/2016 12:00:00 AM +0000",100012472,"200006","Piedmont Road",NA,NA,NA,NA,"I","INSP-REG03","03442434","Pond-dry",24084.2266185983,446.433721015143,23659.5961507245,28219.4293265087,"2014","tr104",0
"106","228067.08",22981,"FSU","OTH","MH 46","UG","Clarksburg Village Community Association","Piedmont Road","SWM-MCG-DEP",207638,"08/21/2003 12:00:00 AM +0000","08/14/2012 12:00:00 AM +0000",NA,NA,NA,1238178.877,574696.282618,41,"MT","10/17/2016 12:00:00 AM +0000",100012473,"200006","Piedmont Road",NA,NA,NA,NA,"I","INSP-REG03","ROW","Flow splitter underground",0,0,574.592197721824,30.9163944181055,"2014","tr104",0
"107","228067.09",22826,"AQSW","XOGS","PT B-2","UG","Clarksburg Village Community Association","Piedmont Road","SWM-RESID-DEP",207638,"08/21/2003 12:00:00 AM +0000","08/14/2012 12:00:00 AM +0000",NA,NA,NA,1238182.13192,574649.299116,41,"MT","10/17/2016 12:00:00 AM +0000",100012474,"200006","Piedmont Road",NA,NA,NA,NA,"I","INSP-REG03","03442434","Aquaswirl",2347.02922697924,0,1348.20494650491,368.718338887207,"2014","tr104",0
"108","228067.10",23013,"SF","FSND","SF B-2","AG","Clarksburg Village Community Association","Piedmont Road","SWM-RESID-DEP",207638,"08/21/2003 12:00:00 AM +0000","08/14/2012 12:00:00 AM +0000",NA,NA,NA,1238176.9236,574565.965621,41,"MT","10/17/2016 12:00:00 AM +0000",100012475,"200006","Piedmont Road",NA,NA,NA,NA,"I","INSP-REG03","03442434","Sand filter",33993.1285040697,50059.9353835643,24878.0772830606,21703.3354052037,"2014","tr104",0
"109","228067.06",22978,"SF","FSND","SF B-1","AG","Clarksburg Village Community Association","Piedmont Road","SWM-RESID-DEP",207638,"08/21/2003 12:00:00 AM +0000","08/14/2012 12:00:00 AM +0000",NA,NA,NA,1237944.71868,574455.071814,12,"MT","10/17/2016 12:00:00 AM +0000",100012476,"200006","Piedmont Road",NA,NA,NA,NA,"I","INSP-REG03","03442434","Sand filter",13551.3037842384,426.339696039358,5994.38451051697,9692.05623081952,"2014","tr104",0
"110","234275.16",22699,"SC","OTH","Lot 25","NS","Clarksburg Village","Foreman Blvd","SWM-SFR",214483,"03/10/2005 12:00:00 AM +0000","02/28/2014 12:00:00 AM +0000",NA,NA,NA,1239317.41311,570764.050653,41,"MT","10/10/2016 12:00:00 AM +0000",100012309,"200006","Foreman Blvd",NA,NA,NA,NA,"I","INSP-REG03","03594663","Stormchamber",474.902486559004,0,22.25908211153,108.437000406208,"2014","tr104",0
"111","234275.17",23003,"SC","OTH","Lot 26","NS","Clarksburg Village","Foreman Blvd","SWM-SFR",214483,"03/10/2005 12:00:00 AM +0000","02/28/2014 12:00:00 AM +0000",NA,NA,NA,1239323.53318,570749.380406,41,"MT","10/10/2016 12:00:00 AM +0000",100012310,"200006","Foreman Blvd",NA,NA,NA,NA,"I","INSP-REG03","03594674","Stormchamber",898.091470628977,202.719165148737,6.76757868833374,86.4067582315765,"2014","tr104",0
"112","234275.18",23019,"SC","OTH","Lot 26","NS","Clarksburg Village","Foreman Blvd","SWM-SFR",214483,"03/10/2005 12:00:00 AM +0000","02/28/2014 12:00:00 AM +0000",NA,NA,NA,1239351.09382,570704.45858,41,"MT","10/10/2016 12:00:00 AM +0000",100012311,"200006","Foreman Blvd",NA,NA,NA,NA,"I","INSP-REG03","03594674","Stormchamber",737.635234138928,602.876146925613,348.423130331561,1544.50106090959,"2014","tr104",0
"113","234275.19",23016,"SC","OTH","Lot 27","NS","Clarksburg Village","Foreman Blvd","SWM-SFR",214483,"03/10/2005 12:00:00 AM +0000","02/28/2014 12:00:00 AM +0000",NA,NA,NA,1239358.90647,570687.270951,41,"MT","10/10/2016 12:00:00 AM +0000",100012312,"200006","Foreman Blvd",NA,NA,NA,NA,"I","INSP-REG03","03594300","Stormchamber",737.635234138928,602.876146925613,348.423130331561,1544.50106090959,"2014","tr104",0
"114","234275.20",23017,"SC","OTH","Lot 27","NS","Clarksburg Village","Foreman Blvd","SWM-SFR",214483,"03/10/2005 12:00:00 AM +0000","02/28/2014 12:00:00 AM +0000",NA,NA,NA,1239372.101,570637.618163,41,"MT","10/10/2016 12:00:00 AM +0000",100012313,"200006","Foreman Blvd",NA,NA,NA,NA,"I","INSP-REG03","03594300","Stormchamber",253.533396605402,4.84380338154733,102.273141922895,244.951324450667,"2014","tr104",0
"115","234275.21",23014,"SC","OTH","Lot 28","NS","Clarksburg Village","Foreman Blvd","SWM-SFR",214483,"03/10/2005 12:00:00 AM +0000","02/28/2014 12:00:00 AM +0000",NA,NA,NA,1239376.78865,570619.388868,41,"MT","10/10/2016 12:00:00 AM +0000",100012314,"200006","Foreman Blvd",NA,NA,NA,NA,"I","INSP-REG03","03594311","Stormchamber",379.918936426053,557.754896742757,80.7327598021366,175.584487362066,"2014","tr104",0
"116","234275.22",23015,"SC","OTH","Lot 28","NS","Clarksburg Village","Foreman Blvd","SWM-SFR",214483,"03/10/2005 12:00:00 AM +0000","02/28/2014 12:00:00 AM +0000",NA,NA,NA,1239389.63574,570568.867972,41,"MT","10/10/2016 12:00:00 AM +0000",100012315,"200006","Foreman Blvd",NA,NA,NA,NA,"I","INSP-REG03","03594311","Stormchamber",482.118992216652,142.456324392464,0,1919.32820963487,"2014","tr104",0
"117","255051.04",22802,"DS","ODSW","Dry Swale","AG","Clarksburg Village Community Association","Snowden Farm Parkway","SWM-MNCPPC-DEP",231780,"05/14/2008 12:00:00 AM +0000","10/29/2010 12:00:00 AM +0000",NA,NA,"Dept change 5/2020 per RM; SWALE 212",1238641.5516,572508.964486,73,"MT","10/10/2016 12:00:00 AM +0000",100012362,"200006","Snowden Farm Parkway",NA,NA,NA,NA,"I","INSP-REG03","03628245","Dry Swale",1813.20973812696,0,0,0,"2014","tr104",0
"118","255051.05",22803,"DS","ODSW","Dry Swale","AG","Clarksburg Village Community Association","Snowden Farm Parkway","SWM-RESID-DEP",231780,"05/14/2008 12:00:00 AM +0000","10/29/2010 12:00:00 AM +0000",NA,NA,"SWALE 295; Withdrawn per Ed",1238665.16278,572377.020196,73,"EE","06/05/2019 12:00:00 AM +0000",100012363,"200006","Snowden Farm Parkway",NA,NA,NA,NA,"D",NA,"03678227","Dry Swale",605.561416411772,0,0,0,"2014","tr104",0
"119","234275.67",22551,"DS","ODSW","Water Quality Dry Swale","AG","Clarksburg Village Community Association","Flint Tavern Terrace","SWM-MCG-DEP",214483,"03/10/2005 12:00:00 AM +0000","02/28/2014 12:00:00 AM +0000",NA,NA,"3 sections",1239003.83828,570939.604763,41,"MT","10/10/2016 12:00:00 AM +0000",100012349,"200006","Flint Tavern Terrace",NA,NA,NA,NA,"I","INSP-REG03","ROW","Dry Swale",0,0,3165.92545419931,2710.86663392559,"2014","tr104",0
"120","232359.35",22064,"FSU","OTH","MH 324","UG","Clarksburg Village Community Association","Robinsong Drive","SWM-MCG-DEP",210575,"03/22/2004 12:00:00 AM +0000","09/24/2012 12:00:00 AM +0000",NA,NA,NA,1237900.5357,573371.527393,12,"MT","10/12/2016 12:00:00 AM +0000",100012390,"200006","Robinsong Drive",NA,NA,NA,NA,"I","INSP-REG03","ROW","Flow splitter underground",1094.252161225,0,406.314772795398,1183.27195682211,"2014","tr104",0
"121","232359.36",22848,"AQSW","XOGS","WQ I-1","UG","Clarksburg Village Community Association","Robinsong Drive","SWM-RESID-DEP",210575,"03/22/2004 12:00:00 AM +0000","09/24/2012 12:00:00 AM +0000",NA,NA,NA,1237882.43698,573367.534291,12,"MT","10/12/2016 12:00:00 AM +0000",100012391,"200006","Robinsong Drive",NA,NA,NA,NA,"I","INSP-REG03","03466576","Aquaswirl",1133.62153885886,0,0,77.4569905351382,"2014","tr104",0
"122","232359.38",23055,"UG","OTH","UG I-1","UG","Clarksburg Village Community Association","Robinsong Drive","SWM-RESID-DEP",210575,"03/22/2004 12:00:00 AM +0000","09/24/2012 12:00:00 AM +0000",NA,NA,NA,1237868.11417,573349.522188,12,"MT","10/12/2016 12:00:00 AM +0000",100012392,"200006","Robinsong Drive",NA,NA,NA,NA,"I","INSP-REG03","03466576","Underground detention",1133.62153885886,0,0,77.4569905351382,"2014","tr104",0
"123","232359.39",22123,"STFIL","FUND","SF I-1","UG","Clarksburg Village Community Association","Robinsong Drive","SWM-RESID-DEP",210575,"03/22/2004 12:00:00 AM +0000","09/24/2012 12:00:00 AM +0000",NA,NA,NA,1237878.31396,573312.412682,12,"MT","10/12/2016 12:00:00 AM +0000",100012393,"200006","Robinsong Drive",NA,NA,NA,NA,"I","INSP-REG03","03466576","Stormfilter",6010.17940746341,384.644361934857,1405.48984153802,6327.59284083976,"2014","tr104",0
"124","234275.32",22174,"SC","OTH","Lot 33","NS","Clarksburg Village","Foreman Blvd","SWM-SFR",214483,"03/10/2005 12:00:00 AM +0000","02/28/2014 12:00:00 AM +0000",NA,NA,NA,1239326.78809,570181.715203,41,"MT","10/10/2016 12:00:00 AM +0000",100012325,"200006","Foreman Blvd",NA,NA,NA,NA,"I","INSP-REG03","03594366","Stormchamber",605.61172906775,0,0,0,"2014","tr104",0
"125","255051.06",22478,"DS","ODSW","Dry Swale","AG","Clarksburg Village Community Association","Snowden Farm Parkway","SWM-MNCPPC-DEP",231780,"05/14/2008 12:00:00 AM +0000","10/29/2010 12:00:00 AM +0000",NA,NA,"Dept change 5/2020 per RM; SWALE 299",1238552.31556,572895.683528,73,"MT","10/10/2016 12:00:00 AM +0000",100012364,"200006","Snowden Farm Parkway",NA,NA,NA,NA,"I","INSP-REG03","03628245","Dry Swale",1799.43872879073,0,0,0,"2014","tr104",0
"126","232359.21",22479,"FSU","OTH","MH 350","UG","Clarksburg Village Community Association","Blue Sky Drive","SWM-MCG-DEP",210575,"03/22/2004 12:00:00 AM +0000","09/24/2012 12:00:00 AM +0000",NA,NA,NA,1238461.77244,572981.200418,73,"MT","10/12/2016 12:00:00 AM +0000",100012365,"200006","Blue Sky Drive",NA,NA,NA,NA,"I","INSP-REG03","ROW","Flow splitter underground",5720.26459857915,0,319.464902502485,350.884292084724,"2014","tr104",0
"127","232359.23",22476,"AQSW","XOGS","WQ C-1","UG","Clarksburg Village Community Association","Blue Sky Drive","SWM-RESID-DEP",210575,"03/22/2004 12:00:00 AM +0000","09/24/2012 12:00:00 AM +0000",NA,NA,NA,1238480.39215,572958.283797,73,"MT","10/12/2016 12:00:00 AM +0000",100012366,"200006","Blue Sky Drive",NA,NA,NA,NA,"I","INSP-REG03","03628256","Aquaswirl",1207.63613343611,0,0,0,"2014","tr104",0
"128","232359.24",22477,"UG","OTH","UG C-1","UG","Clarksburg Village Community Association","Blue Sky Drive","SWM-RESID-DEP",210575,"03/22/2004 12:00:00 AM +0000","09/24/2012 12:00:00 AM +0000",NA,NA,NA,1238525.70472,572951.512813,73,"MT","10/12/2016 12:00:00 AM +0000",100012367,"200006","Blue Sky Drive",NA,NA,NA,NA,"I","INSP-REG03","03628256","Underground detention",605.548258214258,0,0,0,"2014","tr104",0
"129","232359.26",22474,"STFIL","FUND","SF C-1 UPSTREAM","UG","Clarksburg Village Community Association","Blue Sky Drive","SWM-RESID-DEP",210575,"03/22/2004 12:00:00 AM +0000","09/24/2012 12:00:00 AM +0000",NA,NA,NA,1238549.66301,572982.502581,73,"MT","10/12/2016 12:00:00 AM +0000",100012368,"200006","Blue Sky Drive",NA,NA,NA,NA,"I","INSP-REG03","03628256","Stormfilter",604.944055022672,0,0.603430102870334,0,"2014","tr104",0
"130","232359.27",22475,"STFIL","FUND","SF C-1 DOWNSTREAM","UG","Clarksburg Village Community Association","Blue Sky Drive","SWM-RESID-DEP",210575,"03/22/2004 12:00:00 AM +0000","09/24/2012 12:00:00 AM +0000",NA,NA,NA,1238560.34015,572960.888122,73,"MT","10/12/2016 12:00:00 AM +0000",100012369,"200006","Blue Sky Drive",NA,NA,NA,NA,"I","INSP-REG03","03628256","Stormfilter",6414.91789212823,0,0,0,"2014","tr104",0
"131","228067.07",22667,"AQSW","XOGS","PT B-1","UG","Clarksburg Village Community Association","Piedmont Road","SWM-RESID-DEP",207638,"08/21/2003 12:00:00 AM +0000","08/14/2012 12:00:00 AM +0000",NA,NA,NA,1237961.83676,574355.523128,73,"MT","10/17/2016 12:00:00 AM +0000",100012477,"200006","Piedmont Road",NA,NA,NA,NA,"I","INSP-REG03","03442434","Aquaswirl",688.592195564648,125.569408199284,0,396.87261454761,"2014","tr104",0
"132","228067.05",22664,"FSU","OTH","MH 242","UG","Clarksburg Village Community Association","Piedmont Road","SWM-MCG-DEP",207638,"08/21/2003 12:00:00 AM +0000","08/14/2012 12:00:00 AM +0000",NA,NA,"Changed FS to FSU per Ed",1237920.06617,574296.287026,73,"EE","06/17/2019 12:00:00 AM +0000",100012478,"200006","Piedmont Road",NA,NA,NA,NA,"I","INSP-REG03","ROW","Flow splitter underground",0,0,17.3052306398749,588.213162614033,"2014","tr104",0
"133","232359.41",22891,"DS","ODSW","DS","AG","Clarksburg Village Community Association","Clarksburg Village Parkway","SWM-MCG-DEP",210575,"03/22/2004 12:00:00 AM +0000","09/24/2012 12:00:00 AM +0000",NA,NA,NA,1238354.98525,573550.694029,73,"MT","10/12/2016 12:00:00 AM +0000",100012394,"200006","Clarksburg Village Parkway",NA,NA,NA,NA,"I","INSP-REG03","ROW","Dry Swale",0.299686776008457,0,543.956694574677,649.597560101189,"2014","tr104",0
"134","232359",23040,"FSU","OTH","MH 202","UG","Clarksburg Village Community Association","Foreman Blvd","SWM-RESID-DEP",210575,"03/22/2004 12:00:00 AM +0000","09/24/2012 12:00:00 AM +0000",NA,NA,NA,1238891.05307,572301.214901,73,"MT","10/12/2016 12:00:00 AM +0000",100012395,"200006","Foreman Blvd",NA,NA,NA,NA,"I","INSP-REG03","03628267","Flow splitter underground",1193.91378369182,0,0,0,"2014","tr104",0
"135","232359.02",22900,"AQSW","XOGS","WQ C","UG","Clarksburg Village Community Association","Foreman Blvd","SWM-RESID-DEP",210575,"03/22/2004 12:00:00 AM +0000","09/24/2012 12:00:00 AM +0000",NA,NA,NA,1238852.3376,572090.450887,73,"MT","10/12/2016 12:00:00 AM +0000",100012396,"200006","Foreman Blvd",NA,NA,NA,NA,"I","INSP-REG03","03628267","Aquaswirl",605.567608751357,0,0,0,"2014","tr104",0
"136","232359.03",22960,"SF","FSND","SF C","AG","Clarksburg Village Community Association","Foreman Blvd","SWM-RESID-DEP",210575,"03/22/2004 12:00:00 AM +0000","09/24/2012 12:00:00 AM +0000",NA,NA,NA,1238850.60138,572022.742689,73,"MT","10/12/2016 12:00:00 AM +0000",100012397,"200006","Foreman Blvd",NA,NA,NA,NA,"I","INSP-REG03","03628267","Sand filter",27749.6348600261,0,21798.3715420024,9342.38230439025,"2014","tr104",0
"137","232359.05",23079,"PDQN","XDPD","POND C","AG","Clarksburg Village Community Association","Foreman Blvd","SWM-RESID-DEP",210575,"03/22/2004 12:00:00 AM +0000","09/24/2012 12:00:00 AM +0000",NA,NA,NA,1238961.01816,572115.103725,73,"MT","10/12/2016 12:00:00 AM +0000",100012398,"200006","Foreman Blvd",NA,NA,NA,NA,"I","INSP-REG03","03628267","Pond-dry",575.196198389865,0,30.3714103985112,0,"2014","tr104",0
"138","232359.20",22512,"SF","FSND","SF I","AG","Clarksburg Village Community Association","Rainbow Arch Drive","SWM-RESID-DEP",210575,"03/22/2004 12:00:00 AM +0000","09/24/2012 12:00:00 AM +0000",NA,NA,NA,1238302.25734,573334.993673,12,"MT","10/12/2016 12:00:00 AM +0000",100012410,"200006","Rainbow Arch Drive",NA,NA,NA,NA,"I","INSP-REG03","03465993","Sand filter",0,0,567.942225926439,37.5978076865431,"2014","tr104",0
"139","232359.17",22513,"FSU","OTH","MH 266","UG","Clarksburg Village Community Association","Rainbow Arch Drive","SWM-RESID-DEP",210575,"03/22/2004 12:00:00 AM +0000","09/24/2012 12:00:00 AM +0000",NA,NA,NA,1238255.78171,573309.316559,12,"MT","10/12/2016 12:00:00 AM +0000",100012411,"200006","Rainbow Arch Drive",NA,NA,NA,NA,"I","INSP-REG03","03465993","Flow splitter underground",2783.08006793819,0,4006.63765235804,3669.97597443685,"2014","tr104",0
"140","232359.18",22520,"AQSW","XOGS","AS-8-WQ","UG","Clarksburg Village Community Association","Rainbow Arch Drive","SWM-RESID-DEP",210575,"03/22/2004 12:00:00 AM +0000","09/24/2012 12:00:00 AM +0000",NA,NA,"Check model of WQ: AS-6, AS-7 (on profile), AS-8 in table",1238252.13572,573328.240078,12,"MT","10/12/2016 12:00:00 AM +0000",100012412,"200006","Rainbow Arch Drive",NA,NA,NA,NA,"I","INSP-REG03","03465993","Aquaswirl",0,0,200.253772835131,405.286260839552,"2014","tr104",0
"141","268371.08",23894,"DW","MIDW","DRYWELL 38B","ESD","CLARKSBURG VILLAGE","SYCAMORE FARM DRIVE","SWM-SFR",239665,"03/14/2011 12:00:00 AM +0000","07/24/2013 12:00:00 AM +0000",NA,NA,NA,1240032.65184,570087.140589,41,"KR","09/11/2017 12:00:00 AM +0000",100013765,NA,"SYCAMORE FARM DRIVE, CLARKSBURG, MARYLAND",NA,NA,NA,NA,"I","INSP-REG03","03457218","Dry Well",426.092132503167,155.75181142753,23.7701074546203,0,"2014","tr104",0
"142","268371.09",23881,"DW","MIDW","DRYWELL 39A","ESD","CLARKSBURG VILLAGE","SYCAMORE FARM DRIVE","SWM-SFR",239665,"03/14/2011 12:00:00 AM +0000","07/24/2013 12:00:00 AM +0000",NA,NA,NA,1240026.20369,570103.112342,41,"KR","09/11/2017 12:00:00 AM +0000",100013766,NA,"SYCAMORE FARM DRIVE, CLARKSBURG, MARYLAND",NA,NA,NA,NA,"I","INSP-REG03","03457220","Dry Well",537.75294252485,0,66.9659775290638,606.50661509583,"2014","tr104",0
"143","268371.10",24057,"DW","MIDW","DRYWELL 39B","ESD","CLARKSBURG VILLAGE","SYCAMORE FARM DRIVE","SWM-SFR",239665,"03/14/2011 12:00:00 AM +0000","07/24/2013 12:00:00 AM +0000",NA,NA,NA,1240009.21488,570139.84324,41,"KR","09/11/2017 12:00:00 AM +0000",100013767,NA,"SYCAMORE FARM DRIVE, CLARKSBURG, MARYLAND",NA,NA,NA,NA,"I","INSP-REG03","03457220","Dry Well",225.017211253755,0,280.560314241797,100.034976688214,"2014","tr104",0
"144","293003.17",27433,"DS","ODSW","DRY SWALE #6","AG","Stringtown Road Improvements","STRINGTOWN ROAD","SWM-MCG-DEP",242670,"05/03/2013 12:00:00 AM +0000","01/23/2019 12:00:00 AM +0000",NA,NA,NA,1237641.58543,575250.577441,21,"KR","02/08/2019 12:00:00 AM +0000",100017262,"233947","Stringtown Road, Clarksburg",NA,NA,NA,NA,"I","INSP-REG03","ROW","Dry Swale",399.691114263609,0,205.80570241739,0,"2014","tr104",0
"145","227716.30",33218,"SFU","FUND","SF 31A-2","UG","Greenway Village at Clarksburg, Phase 1","Persimmon Ridge Rd","SWM-RESID-DEP",206161,"02/20/2003 12:00:00 AM +0000","02/26/2010 12:00:00 AM +0000",NA,NA,"Added per Ed",1239673.58858,573407.878698,12,"EE","01/27/2022 12:00:00 AM +0000",100020379,"204344","Persimmon Ridge Rd",NA,NA,NA,NA,"I","INSP-REG03","03413591","Sand filter, underground",594.325799560756,0,491.921186762862,124.826841246337,"2014","tr104",0
"146","227716.31",33219,"SFU","FUND","SF 31A-3","UG","Greenway Village at Clarksburg, Phase 1","Persimmon Ridge Rd","SWM-RESID-DEP",206161,"02/20/2003 12:00:00 AM +0000","02/26/2010 12:00:00 AM +0000",NA,NA,"Added per Ed",1239650.06665,573389.515874,12,"EE","01/27/2022 12:00:00 AM +0000",100020380,"204344","Persimmon Ridge Rd",NA,NA,NA,NA,"I","INSP-REG03","03413591","Sand filter, underground",478.205763963982,0,637.862200009637,697.08967143693,"2014","tr104",0
"147","227716.32",33214,"SFU","FUND","SF 31A-4","UG","Greenway Village at Clarksburg, Phase 1","Persimmon Ridge Rd","SWM-RESID-DEP",206161,"02/20/2003 12:00:00 AM +0000","02/26/2010 12:00:00 AM +0000",NA,NA,"Added per Ed",1239655.98494,573386.78458,12,"EE","01/27/2022 12:00:00 AM +0000",100020381,"204344","Persimmon Ridge Rd",NA,NA,NA,NA,"I","INSP-REG03","03413591","Sand filter, underground",478.205763963982,0,637.862200009637,697.08967143693,"2014","tr104",0
"148","227716.33",33215,"SFU","FUND","SF 31B-2","UG","Greenway Village at Clarksburg, Phase 1","Persimmon Ridge Rd","SWM-RESID-DEP",206161,"02/20/2003 12:00:00 AM +0000","02/26/2010 12:00:00 AM +0000",NA,NA,"Added per Ed",1239639.56273,573377.330531,12,"EE","01/27/2022 12:00:00 AM +0000",100020382,"204344","Persimmon Ridge Rd",NA,NA,NA,NA,"I","INSP-REG03","03413591","Sand filter, underground",582.399068150669,0,23.1391286831349,0,"2014","tr104",0
"149","227716.34",33216,"SFU","FUND","SF 31B-3","UG","Greenway Village at Clarksburg, Phase 1","Persimmon Ridge Rd","SWM-RESID-DEP",206161,"02/20/2003 12:00:00 AM +0000","02/26/2010 12:00:00 AM +0000",NA,NA,"Added per Ed",1239646.88621,573372.181263,12,"EE","01/27/2022 12:00:00 AM +0000",100020383,"204344","Persimmon Ridge Rd",NA,NA,NA,NA,"I","INSP-REG03","03413591","Sand filter, underground",478.205763963982,0,637.862200009637,697.08967143693,"2014","tr104",0
"150","227716.35",33217,"SFU","FUND","SF 31B-4","UG","Greenway Village at Clarksburg, Phase 1","Persimmon Ridge Rd","SWM-RESID-DEP",206161,"02/20/2003 12:00:00 AM +0000","02/26/2010 12:00:00 AM +0000",NA,NA,"Added per Ed",1239630.9804,573326.637063,12,"EE","01/27/2022 12:00:00 AM +0000",100020384,"204344","Persimmon Ridge Rd",NA,NA,NA,NA,"I","INSP-REG03","03413591","Sand filter, underground",570.090997253545,0,7.90314966370352,27.5455974191427,"2014","tr104",0
